{
  "dt_merge_norm": {
    "S1": 1.749059264052908,
    "S2": 2.695442773684211,
    "S3": 3.2561099631249997,
    "C1": 62.52237793,
    "C2": 85.96348601000001,
    "A1": 8.40470853,
    "A2": 22.85029011666666
  },
  "dt_ff_off": {
    "S1": 9.563790013333334,
    "S2": 16.87567169333333,
    "S3": 23.063196960000006,
    "C1": 69.79656628000001,
    "C2": 95.81729471999999,
    "A1": 23.17519323000001,
    "A2": 23.55092800666666
  },
  "dt_opt_load": {
    "S1": 0.07569810900944275,
    "S2": 0.04340958486178754,
    "S3": 0.02178016138750301,
    "C1": 0.1225271561803271,
    "C2": 0.12083783272931677,
    "A1": 0.0133339368805477,
    "A2": 0.05582805949114596
  },
  "dt-crdt_process_remote_edits": {
    "S1": 17.644979399999997,
    "S2": 18.824911420000003,
    "S3": 23.807999439999993,
    "C1": 52.3126373,
    "C2": 64.60687161,
    "A1": 40.477922905,
    "A2": 25.105110655
  },
  "automerge_local": {},
  "automerge_remote": {
    "S1": 473.07633954000005,
    "S2": 568.28901495,
    "S3": 1060.01545565,
    "C1": 112171.26871249001,
    "C2": 407489.36489582004,
    "A1": 438.54413325,
    "A2": 579.20396751
  },
  "cola_local": {},
  "cola-nocursor_local": {},
  "ot": {
    "S1": 1.9575518443681632,
    "S2": 3.0262409541176463,
    "S3": 3.309537330625,
    "C1": 376.87378424,
    "C2": 406.93523163,
    "A1": 5944.65228035,
    "A2": 3637360.1405992997
  },
  "yjs_remote": {
    "S1": 44.39474870454546,
    "S2": 67.61839625675675,
    "S3": 74.55414564393936,
    "C1": 246.28207221000005,
    "C2": 303.25395084999997,
    "A1": 79.79075277192896,
    "A2": 103.61861929000035
  }
}