{
  "dt_merge_norm": {
    "S1": {
      "mean": 1.8226499011310633,
      "p10": 1.8179785709090908,
      "p90": 1.8258299505494504,
      "stddev": 0.003516508578195665
    },
    "S2": {
      "mean": 2.661701098421052,
      "p10": 2.6561546263157894,
      "p90": 2.6613253736842104,
      "stddev": 0.006878859107043242
    },
    "S3": {
      "mean": 3.3400597131249996,
      "p10": 3.3486448749999997,
      "p90": 3.33682068125,
      "stddev": 0.009320400420851431
    },
    "C1": {
      "mean": 55.54359981999998,
      "p10": 55.2595249,
      "p90": 57.115251899999976,
      "stddev": 0.6838218137868136
    },
    "C2": {
      "mean": 82.72662618999999,
      "p10": 82.72687490000001,
      "p90": 82.7088459,
      "stddev": 0.11815476390655531
    },
    "A1": {
      "mean": 8.780800265,
      "p10": 8.807588149999999,
      "p90": 8.7639185,
      "stddev": 0.02533458860863824
    },
    "A2": {
      "mean": 23.31580485333334,
      "p10": 23.284681,
      "p90": 23.392249966666668,
      "stddev": 0.0406336602207885
    }
  },
  "dt_ff_off": {
    "S1": {
      "mean": 9.612613578333333,
      "p10": 9.587905833333332,
      "p90": 9.626355,
      "stddev": 0.017103939642089856
    },
    "S2": {
      "mean": 16.878079833333334,
      "p10": 16.842199299999997,
      "p90": 16.88515003333333,
      "stddev": 0.030824871872438084
    },
    "S3": {
      "mean": 22.352796076666667,
      "p10": 22.366112366666666,
      "p90": 22.345758633333332,
      "stddev": 0.04351903156369511
    },
    "C1": {
      "mean": 70.19724051000001,
      "p10": 70.8983538,
      "p90": 70.2494201,
      "stddev": 0.350651256502996
    },
    "C2": {
      "mean": 94.59558810000003,
      "p10": 94.5533991,
      "p90": 94.8640381,
      "stddev": 0.21580147878082265
    },
    "A1": {
      "mean": 23.21537029,
      "p10": 23.243813666666664,
      "p90": 23.130549666666667,
      "stddev": 0.07916525655588576
    },
    "A2": {
      "mean": 23.821026990000004,
      "p10": 23.798490666666666,
      "p90": 23.777308366666663,
      "stddev": 0.038124583163577995
    }
  },
  "dt_opt_load": {
    "S1": {
      "mean": 0.06691643225520474,
      "p10": 0.06681295472727272,
      "p90": 0.06694151772161172,
      "stddev": 0.00007640819393761653
    },
    "S2": {
      "mean": 0.03738697210650695,
      "p10": 0.037318680639730636,
      "p90": 0.03739683227106227,
      "stddev": 0.000041607060441879166
    },
    "S3": {
      "mean": 0.020973445072038778,
      "p10": 0.020929883428030302,
      "p90": 0.020981169457417577,
      "stddev": 0.000037006734053964034
    },
    "C1": {
      "mean": 0.11204003563523851,
      "p10": 0.11196150646464646,
      "p90": 0.11206686067155067,
      "stddev": 0.00011189445889531123
    },
    "C2": {
      "mean": 0.11200648291248738,
      "p10": 0.11192098121212121,
      "p90": 0.11203025786324786,
      "stddev": 0.000157877969177243
    },
    "A1": {
      "mean": 0.011662803564835915,
      "p10": 0.011752635229946523,
      "p90": 0.01166402276405947,
      "stddev": 0.00003490741444444631
    },
    "A2": {
      "mean": 0.05338867881360427,
      "p10": 0.05352401263157894,
      "p90": 0.05338548715442452,
      "stddev": 0.00005581499812724476
    }
  },
  "dt-crdt_process_remote_edits": {
    "S1": {
      "mean": 18.41017979,
      "p10": 18.387810366666663,
      "p90": 18.411116333333336,
      "stddev": 0.02887918551689481
    },
    "S2": {
      "mean": 19.791226426666665,
      "p10": 19.777207366666666,
      "p90": 19.819167666666665,
      "stddev": 0.054112153289915144
    },
    "S3": {
      "mean": 25.784619260000003,
      "p10": 25.806064449999997,
      "p90": 25.83070905,
      "stddev": 0.05507126394792857
    },
    "C1": {
      "mean": 52.67146812,
      "p10": 52.641515,
      "p90": 52.684575,
      "stddev": 0.15613078833646388
    },
    "C2": {
      "mean": 64.28061285000004,
      "p10": 64.075847,
      "p90": 64.22604399999999,
      "stddev": 0.11318634286647612
    },
    "A1": {
      "mean": 42.40271158999998,
      "p10": 42.4210465,
      "p90": 42.693826449999996,
      "stddev": 0.2370952254754129
    },
    "A2": {
      "mean": 26.24175578499999,
      "p10": 26.1622325,
      "p90": 26.265149499999996,
      "stddev": 0.04434121757006993
    }
  },
  "automerge_remote": {
    "S1": {
      "mean": 455.74247241999996,
      "p10": 460.29957799999994,
      "p90": 454.8974661,
      "stddev": 1.1013737690963685
    },
    "S2": {
      "mean": 555.94470756,
      "p10": 559.1290881,
      "p90": 557.796341,
      "stddev": 1.9450103383840642
    },
    "S3": {
      "mean": 996.38693867,
      "p10": 996.118285,
      "p90": 994.9571348999999,
      "stddev": 2.0119442374187324
    },
    "C1": {
      "mean": 105643.84932466,
      "p10": 105409.80323599999,
      "p90": 105257.2448232,
      "stddev": 701.7936418338605
    },
    "C2": {
      "mean": 413054.6900792202,
      "p10": 406991.9343631,
      "p90": 413478.756153,
      "stddev": 2551.813980317625
    },
    "A1": {
      "mean": 423.94336795,
      "p10": 424.20968409999995,
      "p90": 424.2615777,
      "stddev": 1.6139715193486839
    },
    "A2": {
      "mean": 592.8745424299997,
      "p10": 591.0005259000001,
      "p90": 596.5274816,
      "stddev": 3.676623798864906
    }
  },
  "ot": {
    "S1": {
      "mean": 1.8431726457194053,
      "p10": 1.8434315927272729,
      "p90": 1.8515318978021975,
      "stddev": 0.00966029685720276
    },
    "S2": {
      "mean": 2.8342760455555553,
      "p10": 2.8305336666666663,
      "p90": 2.843137383333333,
      "stddev": 0.005814671173220205
    },
    "S3": {
      "mean": 3.4098305313333332,
      "p10": 3.4059168666666664,
      "p90": 3.4115278466666665,
      "stddev": 0.011903279941145841
    },
    "C1": {
      "mean": 360.59982748999994,
      "p10": 360.61791229999994,
      "p90": 361.1107717,
      "stddev": 1.3937282752077655
    },
    "C2": {
      "mean": 384.7627318300001,
      "p10": 385.07069379999996,
      "p90": 384.75880789999997,
      "stddev": 0.381326527692369
    },
    "A1": {
      "mean": 6266.4576153000025,
      "p10": 6268.2776376,
      "p90": 6264.2641024,
      "stddev": 4.190739209238828
    },
    "A2": {
      "mean": 3664266.2923529,
      "p10": 3665429.0829243003,
      "p90": 3663200.2680154,
      "stddev": 1143.9396128307087
    }
  },
  "yjs_remote": {
    "S1": {
      "mean": 56.38038257058817,
      "p10": 57.25905890000018,
      "p90": 56.40993909999902,
      "stddev": 3.189763341510202
    },
    "S2": {
      "mean": 85.27652965517237,
      "p10": 86.81794999999875,
      "p90": 83.23004000000037,
      "stddev": 3.489636402042043
    },
    "S3": {
      "mean": 64.3496945259739,
      "p10": 66.0858507000008,
      "p90": 63.99540249999838,
      "stddev": 2.9139308816961
    },
    "C1": {
      "mean": 237.8926824600003,
      "p10": 233.9377604999987,
      "p90": 227.67521720000522,
      "stddev": 9.202426191554077
    },
    "C2": {
      "mean": 287.8855784600004,
      "p10": 276.2189834999983,
      "p90": 297.1270509999987,
      "stddev": 10.190685999112793
    },
    "A1": {
      "mean": 88.26592165486737,
      "p10": 86.79474020000197,
      "p90": 85.69009260000313,
      "stddev": 2.4743717437966204
    },
    "A2": {
      "mean": 91.95144477358485,
      "p10": 92.15354949999892,
      "p90": 90.81418349999876,
      "stddev": 1.7368476790982958
    }
  }
}