{
  "dt_merge": {},
  "dt_merge_norm": {
    "S1": 2.233842162608695,
    "S2": 3.5874371592857153,
    "S3": 3.209691571875,
    "C1": 63.58506998,
    "C2": 86.89043875,
    "A1": 8.89416657166667,
    "A2": 23.213675603333343
  },
  "dt_local": {},
  "dt_local_rle": {},
  "dt-crdt_process_remote_edits": {
    "S1": 18.90784435333333,
    "S2": 20.7582344,
    "S3": 18.280086563333338,
    "C1": 60.02256028,
    "C2": 71.43589504,
    "A1": 41.44239791,
    "A2": 26.183993620000003
  },
  "dt-crdt_local": {},
  "dt_ff_on": {},
  "dt_ff_off": {},
  "automerge_local": {},
  "automerge_remote": {
    "S1": 473.07633954000005,
    "S2": 568.28901495,
    "S3": 468.93915211,
    "C1": 112171.26871249001,
    "A1": 438.54413325,
    "A2": 579.20396751
  },
  "cola_local": {},
  "cola-nocursor_local": {},
  "ot": {
    "S1": 0.08097696440386654,
    "S2": 0.042912154661197015,
    "S3": 0.0432535745345985,
    "C1": 219.88978983,
    "C2": 274.13183294,
    "A1": 45.314036630000004
  },
  "yjs_remote": {
    "S1": 43.903934737556504,
    "S2": 67.23701421621615,
    "S3": 71.18478160431674,
    "C1": 243.30649356000015,
    "C2": 302.3050810200002,
    "A1": 87.45808007894671,
    "A2": 103.51942803000027
  }
}