{
  "dt_merge": {},
  "dt_merge_norm": {
    "S1": 1.749059264052908,
    "S2": 2.695442773684211,
    "S3": 2.418520761904762,
    "C1": 62.52237793,
    "C2": 85.96348601000001,
    "A1": 8.40470853,
    "A2": 22.85029011666666
  },
  "dt_ff_on": {
    "S1": 0.5688638197780173,
    "S2": 1.0567185500146858,
    "S3": 1.0000144384544527,
    "C1": 59.56761539,
    "C2": 80.92029756000001,
    "A1": 6.175884577777777,
    "A2": 21.563620603333323
  },
  "dt_ff_off": {
    "S1": 8.194107794285712,
    "S2": 14.978227154999999,
    "S3": 13.973020507500001,
    "C1": 72.18912920999999,
    "C2": 95.97711268,
    "A1": 20.815538229999998,
    "A2": 21.703204623333335
  },
  "dt_local": {},
  "dt_local_rle": {},
  "dt-crdt_process_remote_edits": {
    "S1": 18.90784435333333,
    "S2": 20.7582344,
    "S3": 18.280086563333338,
    "C1": 60.02256028,
    "C2": 71.43589504,
    "A1": 41.44239791,
    "A2": 26.183993620000003
  },
  "dt-crdt_local": {},
  "automerge_local": {},
  "automerge_remote": {
    "S1": 473.07633954000005,
    "S2": 568.28901495,
    "S3": 468.93915211,
    "C1": 112171.26871249001,
    "C2": 407489.36489582004,
    "A1": 438.54413325,
    "A2": 579.20396751
  },
  "cola_local": {},
  "cola-nocursor_local": {},
  "ot": {
    "S1": 1.9575518443681632,
    "S2": 3.0262409541176463,
    "S3": 2.7233501384210532,
    "C1": 376.87378424,
    "C2": 406.93523163,
    "A1": 5944.65228035,
    "A2": 3637360.1405992997
  },
  "yjs_remote": {
    "S1": 43.903934737556504,
    "S2": 67.23701421621615,
    "S3": 71.18478160431674,
    "C1": 243.30649356000015,
    "C2": 302.3050810200002,
    "A1": 87.45808007894671,
    "A2": 103.51942803000027
  }
}