{
  "dt_merge_norm": {
    "S1": {
      "mean": 1.765569771388292,
      "p10": 1.7634046209090908,
      "p90": 1.767358451978022,
      "stddev": 0.0035584340677394816
    },
    "S2": {
      "mean": 2.679764410588234,
      "p10": 2.683664764705882,
      "p90": 2.6774855411764706,
      "stddev": 0.006751116324473548
    },
    "S3": {
      "mean": 3.577152279333332,
      "p10": 3.5652497399999996,
      "p90": 3.573826073333333,
      "stddev": 0.012676478619268544
    },
    "C1": {
      "mean": 56.14389554000003,
      "p10": 56.4988075,
      "p90": 56.285378,
      "stddev": 0.5087256032162999
    },
    "C2": {
      "mean": 82.63611046,
      "p10": 82.652672,
      "p90": 82.7274149,
      "stddev": 0.18079136579640193
    },
    "A1": {
      "mean": 8.860465820000002,
      "p10": 8.868881516666665,
      "p90": 8.89078035,
      "stddev": 0.024928422316188883
    },
    "A2": {
      "mean": 23.470546336666665,
      "p10": 23.452774033333334,
      "p90": 23.431936,
      "stddev": 0.024358764370572987
    }
  },
  "dt_ff_off": {
    "S1": {
      "mean": 9.80900226,
      "p10": 9.779692516666666,
      "p90": 9.830549999999999,
      "stddev": 0.016300405979697476
    },
    "S2": {
      "mean": 17.09569275333333,
      "p10": 17.1315493,
      "p90": 17.106342666666666,
      "stddev": 0.03845435642474562
    },
    "S3": {
      "mean": 24.422856873333334,
      "p10": 24.363427299999998,
      "p90": 24.3898533,
      "stddev": 0.04641843294561104
    },
    "C1": {
      "mean": 69.78582748999999,
      "p10": 69.93251000000001,
      "p90": 69.70866,
      "stddev": 0.28612502731811074
    },
    "C2": {
      "mean": 95.37582798,
      "p10": 95.4350589,
      "p90": 95.433982,
      "stddev": 0.24025054369615817
    },
    "A1": {
      "mean": 23.946847216666676,
      "p10": 24.046661666666665,
      "p90": 23.997562733333332,
      "stddev": 0.08946744675419208
    },
    "A2": {
      "mean": 23.741934939999997,
      "p10": 23.71631406666667,
      "p90": 23.804853966666663,
      "stddev": 0.07915570682674
    }
  },
  "dt_opt_load": {
    "S1": {
      "mean": 0.0680419148998607,
      "p10": 0.068029822,
      "p90": 0.06795833973626372,
      "stddev": 0.0005774366506787338
    },
    "S2": {
      "mean": 0.03711389266785635,
      "p10": 0.03699626912457912,
      "p90": 0.037023959291819286,
      "stddev": 0.00017199145178924718
    },
    "S3": {
      "mean": 0.02878299671947925,
      "p10": 0.028789752192513368,
      "p90": 0.02880063897866839,
      "stddev": 0.00002919116188466282
    },
    "C1": {
      "mean": 0.12062605658576642,
      "p10": 0.12036285525252524,
      "p90": 0.1207069468009768,
      "stddev": 0.00010982400989893558
    },
    "C2": {
      "mean": 0.1120261903435016,
      "p10": 0.11197791646464646,
      "p90": 0.11204969639804638,
      "stddev": 0.0000964347693773219
    },
    "A1": {
      "mean": 0.011675564311794702,
      "p10": 0.011741236203208556,
      "p90": 0.01167711628442146,
      "stddev": 0.000035924562781578904
    },
    "A2": {
      "mean": 0.05249885432660977,
      "p10": 0.052552646650717696,
      "p90": 0.05249511281087334,
      "stddev": 0.0000672882007538972
    }
  },
  "dt-crdt_process_remote_edits": {
    "S1": {
      "mean": 17.87260023,
      "p10": 17.89071933333333,
      "p90": 17.832252999999998,
      "stddev": 0.043475484546061954
    },
    "S2": {
      "mean": 19.08492903000001,
      "p10": 19.124460066666664,
      "p90": 19.069909966666664,
      "stddev": 0.04766111438497832
    },
    "S3": {
      "mean": 26.88948144000002,
      "p10": 26.9604711,
      "p90": 26.951750999999998,
      "stddev": 0.05729642375616823
    },
    "C1": {
      "mean": 52.45371103999997,
      "p10": 52.433468,
      "p90": 52.73901219999999,
      "stddev": 0.20021030918371385
    },
    "C2": {
      "mean": 64.16709595999998,
      "p10": 63.99304479999999,
      "p90": 64.33029029999999,
      "stddev": 0.17750798796414355
    },
    "A1": {
      "mean": 42.650900715000006,
      "p10": 42.70575745,
      "p90": 42.84124599999999,
      "stddev": 0.14850565750944086
    },
    "A2": {
      "mean": 26.175318695000005,
      "p10": 26.22467195,
      "p90": 26.1155135,
      "stddev": 0.07095799021343169
    }
  },
  "automerge_remote": {
    "S1": {
      "mean": 620.3062693800001,
      "p10": 620.1435849,
      "p90": 619.6568222999999,
      "stddev": 1.6810659181733942
    },
    "S2": {
      "mean": 747.2433299099996,
      "p10": 753.3979349,
      "p90": 748.1610354999999,
      "stddev": 3.135502884514345
    },
    "S3": {
      "mean": 1444.166267079999,
      "p10": 1443.9552891,
      "p90": 1439.9426531,
      "stddev": 5.608138176449289
    },
    "C1": {
      "mean": 11848.025785339996,
      "p10": 11775.7724094,
      "p90": 11895.4857794,
      "stddev": 42.25654285147792
    },
    "C2": {
      "mean": 24636.277552770007,
      "p10": 24572.3934124,
      "p90": 24662.196266899995,
      "stddev": 43.23906403665259
    },
    "A1": {
      "mean": 484.5537476,
      "p10": 479.14352149999996,
      "p90": 482.50125410000004,
      "stddev": 5.643829248672304
    },
    "A2": {
      "mean": 519.8018028399999,
      "p10": 519.0745423999999,
      "p90": 520.4351099,
      "stddev": 2.191345086833545
    }
  },
  "yrs_remote": {
    "S1": {
      "mean": 8.058310392857145,
      "p10": 8.044104428571428,
      "p90": 8.055851428571428,
      "stddev": 0.007071325984663515
    },
    "S2": {
      "mean": 11.166586169999999,
      "p10": 11.147594600000001,
      "p90": 11.1682734,
      "stddev": 0.011708391253536999
    },
    "S3": {
      "mean": 9.469344053333334,
      "p10": 9.459481833333333,
      "p90": 9.457590333333332,
      "stddev": 0.01725351818858463
    },
    "C1": {
      "mean": 11.781803348000004,
      "p10": 11.789621199999997,
      "p90": 11.78669084,
      "stddev": 0.0186948521303512
    },
    "C2": {
      "mean": 8.693525539999996,
      "p10": 8.518234816666665,
      "p90": 8.714304316666666,
      "stddev": 0.06465154549440037
    },
    "A1": {
      "mean": 11.874572001999997,
      "p10": 11.9125626,
      "p90": 11.874057700000005,
      "stddev": 0.057867157592226576
    },
    "A2": {
      "mean": 12.798531739999998,
      "p10": 12.692624499999999,
      "p90": 12.70298175,
      "stddev": 1.2566901261158037
    }
  },
  "ot": {
    "S1": {
      "mean": 2.3530728677272728,
      "p10": 2.3523336818181813,
      "p90": 2.355160631818182,
      "stddev": 0.005622618387914949
    },
    "S2": {
      "mean": 2.840479363888889,
      "p10": 2.842858444444444,
      "p90": 2.841036383333333,
      "stddev": 0.00709593979991191
    },
    "S3": {
      "mean": 3.788857682857142,
      "p10": 3.764989285714286,
      "p90": 3.80589115,
      "stddev": 0.014547852990969832
    },
    "C1": {
      "mean": 365.49562632999994,
      "p10": 364.63688809999996,
      "p90": 364.9103132,
      "stddev": 1.187256479110188
    },
    "C2": {
      "mean": 378.4289899600001,
      "p10": 378.328244,
      "p90": 379.33611699999994,
      "stddev": 0.9557334251883629
    },
    "A1": {
      "mean": 6266.4576153000025,
      "p10": 6268.2776376,
      "p90": 6264.2641024,
      "stddev": 4.190739209238828
    },
    "A2": {
      "mean": 3664266.2923529,
      "p10": 3665429.0829243003,
      "p90": 3663200.2680154,
      "stddev": 1143.9396128307087
    }
  },
  "yjs_remote": {
    "S1": {
      "mean": 57.41284772514621,
      "p10": 56.05801199999951,
      "p90": 57.55393799999911,
      "stddev": 3.4314588704714035
    },
    "S2": {
      "mean": 85.18153684615375,
      "p10": 84.64801260000021,
      "p90": 87.09783660000171,
      "stddev": 2.3329512798384475
    },
    "S3": {
      "mean": 79.93072461290346,
      "p10": 79.80155780000058,
      "p90": 81.33051500000074,
      "stddev": 3.5812436457468264
    },
    "C1": {
      "mean": 84.10543327118617,