{
  "dt_merge_norm": {
    "S1": {
      "mean": 1.8178926670374815,
      "p10": 1.8185234290909091,
      "p90": 1.8225860753846155,
      "stddev": 0.00689185516091627
    },
    "S2": {
      "mean": 2.74467758368421,
      "p10": 2.7355110526315785,
      "p90": 2.760907894736842,
      "stddev": 0.010540020546191185
    },
    "S3": {
      "mean": 3.5867661164285716,
      "p10": 3.602900214285714,
      "p90": 3.5892744357142856,
      "stddev": 0.011981922141691494
    },
    "C1": {
      "mean": 57.76459332999997,
      "p10": 57.376967,
      "p90": 59.30314739999997,
      "stddev": 0.663754307370446
    },
    "C2": {
      "mean": 83.20559343000001,
      "p10": 83.21965909999999,
      "p90": 83.205356,
      "stddev": 0.10548976074333007
    },
    "A1": {
      "mean": 8.860465820000002,
      "p10": 8.868881516666665,
      "p90": 8.89078035,
      "stddev": 0.024928422316188883
    },
    "A2": {
      "mean": 23.470546336666665,
      "p10": 23.452774033333334,
      "p90": 23.431936,
      "stddev": 0.024358764370572987
    }
  },
  "dt_ff_off": {
    "S1": {
      "mean": 9.785931196666661,
      "p10": 9.778801150000001,
      "p90": 9.783163183333333,
      "stddev": 0.01241544203697728
    },
    "S2": {
      "mean": 17.238302676666663,
      "p10": 17.227951033333333,
      "p90": 17.250847299999997,
      "stddev": 0.031019586689647792
    },
    "S3": {
      "mean": 24.608884276666664,
      "p10": 24.598627966666665,
      "p90": 24.637271666666663,
      "stddev": 0.05058420952372498
    },
    "C1": {
      "mean": 71.13454458999999,
      "p10": 71.1831248,
      "p90": 71.1729459,
      "stddev": 0.3552733041938871
    },
    "C2": {
      "mean": 96.92758057999998,
      "p10": 96.62075399999999,
      "p90": 96.9384819,
      "stddev": 0.23213973784693462
    },
    "A1": {
      "mean": 23.946847216666676,
      "p10": 24.046661666666665,
      "p90": 23.997562733333332,
      "stddev": 0.08946744675419208
    },
    "A2": {
      "mean": 23.741934939999997,
      "p10": 23.71631406666667,
      "p90": 23.804853966666663,
      "stddev": 0.07915570682674
    }
  },
  "dt_opt_load": {
    "S1": {
      "mean": 0.08032190266507086,
      "p10": 0.0801347220979021,
      "p90": 0.08030768639898561,
      "stddev": 0.00012717772930734194
    },
    "S2": {
      "mean": 0.037664944114911295,
      "p10": 0.03762784262626263,
      "p90": 0.037681101827431826,
      "stddev": 0.00007114852963644865
    },
    "S3": {
      "mean": 0.028722751620167918,
      "p10": 0.028627393376623376,
      "p90": 0.02873215343485086,
      "stddev": 0.00004305217714739355
    },
    "C1": {
      "mean": 0.11274571530592327,
      "p10": 0.11267612686868687,
      "p90": 0.11272859959706959,
      "stddev": 0.0001794043740698848
    },
    "C2": {
      "mean": 0.11264333002141579,
      "p10": 0.11255918232323231,
      "p90": 0.11265225747252747,
      "stddev": 0.00009807056778688923
    },
    "A1": {
      "mean": 0.011675564311794702,
      "p10": 0.011741236203208556,
      "p90": 0.01167711628442146,
      "stddev": 0.000035924562781578904
    },
    "A2": {
      "mean": 0.05249885432660977,
      "p10": 0.052552646650717696,
      "p90": 0.05249511281087334,
      "stddev": 0.0000672882007538972
    }
  },
  "dt-crdt_process_remote_edits": {
    "S1": {
      "mean": 18.173180270000003,
      "p10": 18.162802699999997,
      "p90": 18.173496633333333,
      "stddev": 0.05969209625588267
    },
    "S2": {
      "mean": 19.909685159999995,
      "p10": 19.925389666666668,
      "p90": 19.900838333333336,
      "stddev": 0.07547051822567671
    },
    "S3": {
      "mean": 27.728992520000002,
      "p10": 27.717812,
      "p90": 27.70825795,
      "stddev": 0.06639761704673308
    },
    "C1": {
      "mean": 51.91022262000002,
      "p10": 52.115581000000006,
      "p90": 51.8804129,
      "stddev": 0.12177550742688614
    },
    "C2": {
      "mean": 63.457550160000004,
      "p10": 63.34008789999999,
      "p90": 63.79041699999999,
      "stddev": 0.20266434636845773
    },
    "A1": {
      "mean": 42.650900715000006,
      "p10": 42.70575745,
      "p90": 42.84124599999999,
      "stddev": 0.14850565750944086
    },
    "A2": {
      "mean": 26.175318695000005,
      "p10": 26.22467195,
      "p90": 26.1155135,
      "stddev": 0.07095799021343169
    }
  },
  "automerge_remote": {
    "S1": {
      "mean": 474.80535693000013,
      "p10": 470.34455159999993,
      "p90": 469.80539569999996,
      "stddev": 3.6039849449680896
    },
    "S2": {
      "mean": 571.1362405299999,
      "p10": 570.8370909,
      "p90": 568.5334516,
      "stddev": 3.10616032694143
    },
    "S3": {
      "mean": 1108.0819904299997,
      "p10": 1107.547895,
      "p90": 1107.2075151,
      "stddev": 5.280364856578355
    },
    "C1": {
      "mean": 11784.101570110002,
      "p10": 11724.1550948,
      "p90": 11708.5537842,
      "stddev": 343.55216209808293
    },
    "C2": {
      "mean": 24743.089643930005,
      "p10": 24660.8933035,
      "p90": 24724.648920499996,
      "stddev": 48.60344814838106
    },
    "A1": {
      "mean": 484.5537476,
      "p10": 479.14352149999996,
      "p90": 482.50125410000004,
      "stddev": 5.643829248672304
    },
    "A2": {
      "mean": 519.8018028399999,
      "p10": 519.0745423999999,
      "p90": 520.4351099,
      "stddev": 2.191345086833545
    }
  },
  "ot": {
    "S1": {
      "mean": 1.8431726457194053,
      "p10": 1.8434315927272729,
      "p90": 1.8515318978021975,
      "stddev": 0.00966029685720276
    },
    "S2": {
      "mean": 2.8342760455555553,
      "p10": 2.8305336666666663,
      "p90": 2.843137383333333,
      "stddev": 0.005814671173220205
    },
    "S3": {
      "mean": 3.7106730614285715,
      "p10": 3.704894864285714,
      "p90": 3.709040721428571,
      "stddev": 0.010951262780806985
    },
    "C1": {
      "mean": 360.59982748999994,
      "p10": 360.61791229999994,
      "p90": 361.1107717,
      "stddev": 1.3937282752077655
    },
    "C2": {
      "mean": 384.7627318300001,
      "p10": 385.07069379999996,
      "p90": 384.75880789999997,
      "stddev": 0.381326527692369
    },
    "A1": {
      "mean": 6266.4576153000025,
      "p10": 6268.2776376,
      "p90": 6264.2641024,
      "stddev": 4.190739209238828
    },
    "A2": {
      "mean": 3664266.2923529,
      "p10": 3665429.0829243003,
      "p90": 3663200.2680154,
      "stddev": 1143.9396128307087
    }
  },
  "yjs_remote": {
    "S1": {
      "mean": 53.96233892178774,
      "p10": 52.4922043999999,
      "p90": 50.8496749999995,
      "stddev": 2.990328445122155
    },
    "S2": {
      "mean": 81.28428490983586,
      "p10": 77.44408220000042,
      "p90": 81.01584589999875,
      "stddev": 2.7836516556444217
    },
    "S3": {
      "mean": 74.8253068409092,
      "p10": 74.3203556000004,
      "p90": 71.2042032000012,
      "stddev": 3.1095190012863183
    },
    "C1": {
      "mean": 80.98727539024335,
      "p10": 81.81872839999997,
      "p90": 80.37005420000058,
      "stddev": 3.8047368010436724
    },
    "C2": {
      "mean": 51.81480792227971,
      "p10": 50.961478199996044,
      "p90": 52.411591999998194,
      "stddev": 2.8277217453642938
    },
    "A1": {
      "mean": 82.72585827499958,
      "p10": 86.67468129999034,
      "p90": 86.74105969999502,
      "stddev": 2.930816330248406
    },
    "A2": {
      "mean": 69.15723504195809,
      "p10": 68.69389279999888,
      "p90": 72.69223000000929,
      "stddev": 3.1267174404597644
    }
  }
}