{
  "dt_merge_norm": {
    "S1": 1.822649901131064,
    "S2": 2.6617010984210534,
    "S3": 3.3400597131249996,
    "C1": 55.54359982,
    "C2": 82.72662619,
    "A1": 8.780800264999996,
    "A2": 23.315804853333333
  },
  "dt_ff_off": {
    "S1": 9.612613578333335,
    "S2": 16.878079833333327,
    "S3": 22.35279607666666,
    "C1": 70.19724051,
    "C2": 94.5955881,
    "A1": 23.215370289999996,
    "A2": 23.82102698999999
  },
  "dt_opt_load": {
    "S1": 0.06691643225520477,
    "S2": 0.037386972106506954,
    "S3": 0.020973445072038768,
    "C1": 0.11204003563523847,
    "C2": 0.11200648291248731,
    "A1": 0.011662803564835915,
    "A2": 0.05338867881360425
  },
  "dt-crdt_process_remote_edits": {
    "S1": 18.41017979,
    "S2": 19.791226426666665,
    "S3": 25.784619260000003,
    "C1": 52.67146812,
    "C2": 64.28061285,
    "A1": 42.40271159,
    "A2": 26.241755785
  },
  "automerge_local": {},
  "automerge_remote": {
    "S1": 455.74247242,
    "S2": 555.94470756,
    "S3": 996.38693867,
    "C1": 105643.84932466,
    "C2": 413054.69007922,
    "A1": 423.94336795,
    "A2": 592.8745424299999
  },
  "cola_local": {},
  "cola-nocursor_local": {},
  "ot": {
    "S1": 1.843172645719405,
    "S2": 2.8342760455555562,
    "S3": 3.409830531333332,
    "C1": 360.59982749,
    "C2": 384.76273183,
    "A1": 6266.4576153,
    "A2": 3664266.2923529
  },
  "yjs_remote": {
    "S1": 59.78314848466256,
    "S2": 90.82952066972453,
    "S3": 71.72206129496418,
    "C1": 246.55697555000015,
    "C2": 309.7987217799989,
    "A1": 89.46137957407417,
    "A2": 91.98332543749997
  }
}